Date,KO,PEP
2019-12-27,0.28261566162109375,0.7361526489257812
2019-12-30,-0.06851577758789062,-0.6322250366210938
2019-12-31,0.06851577758789062,-0.121246337890625
2020-01-02,-0.3083076477050781,-0.7362060546875
2020-01-03,-0.2569236755371094,-0.16457366943359375
2020-01-06,-0.017139434814453125,0.45037078857421875
2020-01-07,-0.3596839904785156,-1.853424072265625
2020-01-08,0.08563232421875,0.5975875854492188
2020-01-09,0.8478660583496094,0.07794952392578125
2020-01-10,0.16271591186523438,-0.2251739501953125
2020-01-13,0.5138587951660156,1.732177734375
2020-01-14,-0.11132431030273438,0.2772064208984375
2020-01-15,0.5994796752929688,2.0353012084960938
2020-01-16,0.10277938842773438,0.3551177978515625
2020-01-17,0.10276412963867188,1.4290695190429688
2020-01-21,0.19697952270507812,0.5196762084960938
2020-01-22,0.3768310546875,1.3164596557617188
2020-01-23,0.18841934204101562,0.233856201171875
2020-01-24,-0.12847137451171875,-0.6322555541992188
2020-01-27,-0.17128372192382812,-0.6755447387695312
2020-01-28,-0.4025230407714844,0.2598114013671875
2020-01-29,0.0,-0.614959716796875
2020-01-30,1.584381103515625,1.8188323974609375
2020-01-31,-0.3939399719238281,-1.5676193237304688
2020-02-03,0.15414810180664062,0.42436981201171875
2020-02-04,0.2226715087890625,0.6149520874023438
2020-02-05,0.008563995361328125,0.935394287109375
2020-02-06,0.11989593505859375,0.02596282958984375
2020-02-07,0.17128372192382812,0.9007492065429688
2020-02-10,0.4795989990234375,0.25115203857421875
2020-02-11,-0.13702774047851562,0.3637847900390625
2020-02-12,-0.15415573120117188,0.0
2020-02-13,0.17128753662109375,0.337799072265625
2020-02-14,0.2911834716796875,0.45030975341796875
2020-02-18,-0.3596992492675781,-1.2038421630859375
2020-02-19,0.20554351806640625,-0.06064605712890625
2020-02-20,-0.042827606201171875,-0.32042694091796875
2020-02-21,0.35113525390625,0.5976028442382812
2020-02-24,-1.2675094604492188,-2.7801895141601562
2020-02-25,-0.7108154296875,-1.333831787109375
2020-02-26,-0.1884307861328125,0.7621688842773438
2020-02-27,-2.2866477966308594,-4.858818054199219
2020-02-28,-1.2332382202148438,-3.758880615234375
2020-03-02,2.081096649169922,4.806854248046875
2020-03-03,0.11989212036132812,-1.7321853637695312
2020-03-04,2.4493751525878906,5.89813232421875
2020-03-05,-1.8669891357421875,-2.9079055786132812
2020-03-06,-1.26751708984375,-0.7324600219726562
2020-03-09,-2.9118385314941406,-6.190864562988281
2020-03-10,1.5415534973144531,3.470367431640625
2020-03-11,-1.2418060302734375,-3.827880859375
2020-03-12,-4.324939727783203,-12.564811706542969
2020-03-13,1.4859695434570312,10.559326171875
2020-03-16,-2.7732276916503906,-12.521232604980469
2020-03-17,1.65875244140625,12.75665283203125
2020-03-18,-2.0129661560058594,-5.9292449951171875
2020-03-19,-2.6090774536132812,-3.1216049194335938
2020-03-20,-3.049694061279297,-11.692863464355469
2020-03-23,-0.6393165588378906,1.0899124145507812
2020-03-24,1.6328392028808594,7.551116943359375
2020-03-25,1.8661003112792969,-1.1684036254882812
2020-03-26,2.3153457641601562,6.7663421630859375
2020-03-27,-1.27862548828125,0.1743927001953125
2020-03-30,1.8920059204101562,4.377227783203125
2020-03-31,-0.6479415893554688,-4.691154479980469
2020-04-01,-1.840179443359375,-1.7264404296875
2020-04-02,1.5809974670410156,5.0050048828125
2020-04-03,-0.103668212890625,0.6365203857421875
2020-04-06,2.453563690185547,5.728721618652344
2020-04-07,-0.13822174072265625,-0.5929183959960938
2020-04-08,1.1317558288574219,1.8572616577148438
2020-04-09,1.0194435119628906,0.889373779296875
2020-04-13,-1.7883415222167969,-2.3891448974609375
2020-04-14,1.7192268371582031,6.5483551025390625
2020-04-15,-1.1317558288574219,-2.9384765625
2020-04-16,-0.44062042236328125,0.53192138671875
2020-04-17,0.8293838500976562,1.6654281616210938
2020-04-20,-1.3218116760253906,-2.6158676147460938
2020-04-21,-0.9935226440429688,-3.1477584838867188
2020-04-22,0.2591705322265625,1.464874267578125
2020-04-23,-0.5269927978515625,-2.05780029296875
2020-04-24,0.3110084533691406,3.57501220703125
2020-04-27,1.1663169860839844,0.0872039794921875
2020-04-28,-0.034557342529296875,1.6218185424804688
2020-04-29,0.3282890319824219,-2.5809707641601562
2020-04-30,-1.0626335144042969,-0.9330215454101562
2020-05-01,-0.25054168701171875,-1.8746719360351562
2020-05-04,-0.39739990234375,0.6801300048828125
2020-05-05,0.22461700439453125,0.6539688110351562
2020-05-06,-0.5615577697753906,-0.7760467529296875
2020-05-07,-0.12958526611328125,0.6713943481445312
2020-05-08,1.3045387268066406,2.3368072509765625
2020-05-11,-0.4924507141113281,0.13080596923828125
2020-05-12,-0.6220321655273438,-1.255615234375
2020-05-13,-0.7602691650390625,0.0174560546875
2020-05-14,-0.20732879638671875,0.10463714599609375
2020-05-15,-0.38013458251953125,2.5024795532226562
2020-05-18,1.4773216247558594,-0.3748931884765625
2020-05-19,-0.37148284912109375,-3.304718017578125
2020-05-20,1.1663055419921875,-0.4098358154296875
2020-05-21,-0.6220283508300781,-0.9155349731445312
2020-05-22,-0.1209564208984375,0.2354278564453125
2020-05-26,0.915771484375,-0.6365432739257812
2020-05-27,0.5529136657714844,0.9242782592773438
2020-05-28,0.3110160827636719,1.2904739379882812
2020-05-29,-0.3542060852050781,-0.6452255249023438
2020-06-01,0.2678108215332031,1.2556076049804688
2020-06-02,-0.07773590087890625,-0.31389617919921875
2020-06-03,0.8639335632324219,0.16567230224609375
2020-06-04,0.017269134521484375,-1.0781936645507812
2020-06-05,1.0107994079589844,1.6432113647460938
2020-06-08,0.6565933227539062,-0.20209503173828125
2020-06-09,-0.7343406677246094,0.6678085327148438
2020-06-10,-0.3283119201660156,1.01934814453125
2020-06-11,-2.660907745361328,-5.5271759033203125
2020-06-12,0.4097442626953125,1.0193252563476562
2020-06-15,0.6102485656738281,1.3004989624023438
2020-06-16,0.40973663330078125,1.045684814453125
2020-06-17,-0.16564178466796875,0.07907867431640625
2020-06-18,0.3574333190917969,0.8962936401367188
2020-06-19,-0.8456306457519531,-1.3180923461914062
2020-06-22,-0.24410629272460938,-0.20207977294921875
2020-06-23,-0.08716201782226562,0.2723846435546875
2020-06-24,-0.8630714416503906,-1.581695556640625
2020-06-25,0.24409103393554688,1.625640869140625
2020-06-26,-1.1856193542480469,-2.1792526245117188
2020-06-29,0.6887130737304688,1.8892669677734375
2020-06-30,0.278961181640625,1.0368881225585938
2020-07-01,0.1220550537109375,0.087860107421875
2020-07-02,0.052310943603515625,0.4305877685546875
2020-07-06,0.3051185607910156,0.39542388916015625
2020-07-07,-0.01743316650390625,0.23724365234375
2020-07-08,-0.12204742431640625,0.5711746215820312
2020-07-09,-1.0112724304199219,-1.3268585205078125
2020-07-10,1.0810203552246094,1.53778076171875
2020-07-13,0.0871734619140625,0.3954010009765625
2020-07-14,0.5405082702636719,0.5360488891601562
2020-07-15,0.4620399475097656,-1.60809326171875
2020-07-16,-0.2179412841796875,0.16698455810546875
2020-07-17,0.5840873718261719,0.6853713989257812
2020-07-20,-0.6102447509765625,-1.3620147705078125
2020-07-21,0.9415283203125,1.1598892211914062
2020-07-22,1.1158790588378906,1.3883743286132812
2020-07-23,-0.17435836791992188,0.9402694702148438
2020-07-24,0.18307876586914062,-0.8962936401367188
2020-07-27,-0.00872039794921875,1.41473388671875
2020-07-28,-0.2615394592285156,-0.25484466552734375
2020-07-29,-0.1394805908203125,0.483306884765625
2020-07-30,-0.2876930236816406,-0.2108917236328125
2020-07-31,-0.3922920227050781,-0.0263671875
2020-08-03,-0.8194808959960938,-0.8435821533203125
2020-08-04,0.33998870849609375,0.6766433715820312
2020-08-05,0.4620513916015625,-1.0720443725585938
2020-08-06,0.22666168212890625,-0.34271240234375
2020-08-07,0.2789649963378906,0.7732696533203125
2020-08-10,-0.069732666015625,-0.6678543090820312
2020-08-11,0.18307876586914062,-0.7556838989257812
2020-08-12,0.435882568359375,2.3550033569335938
2020-08-13,-0.04358673095703125,0.26361846923828125
2020-08-14,0.061016082763671875,-0.4745635986328125
2020-08-17,-0.2092132568359375,0.3163604736328125
2020-08-18,0.18307113647460938,0.1669464111328125
2020-08-19,-0.9153823852539062,-1.4586410522460938
2020-08-20,-0.01743316650390625,0.23724365234375
2020-08-21,-0.0610198974609375,-0.22845458984375
2020-08-24,0.6015357971191406,1.036865234375
2020-08-25,-0.052303314208984375,-0.29876708984375
2020-08-26,0.21792984008789062,1.0281219482421875
2020-08-27,0.061031341552734375,-0.06151580810546875
2020-08-28,1.3948593139648438,1.3532257080078125
2020-08-31,-0.26153564453125,0.1054534912109375
2020-09-01,-0.3574333190917969,-0.7644805908203125
2020-09-02,1.8045806884765625,3.6027374267578125
2020-09-03,-0.6189537048339844,-2.5639419555664062
2020-09-04,0.4881858825683594,-0.5398788452148438
2020-09-08,-1.0722885131835938,-2.8409576416015625
2020-09-09,0.3312797546386719,1.3806381225585938
2020-09-10,-0.16564178466796875,-2.0798492431640625
2020-09-11,0.9240913391113281,0.9292984008789062
2020-09-14,0.052730560302734375,0.7611618041992188
2020-09-15,0.29880523681640625,-0.9293136596679688
2020-09-16,-0.22849273681640625,-0.5664291381835938
2020-09-17,-0.2109222412109375,-1.5753707885742188
2020-09-18,-0.08788299560546875,-1.531097412109375
2020-09-21,-1.1952285766601562,-0.20357513427734375
2020-09-22,0.5009422302246094,0.8053817749023438
2020-09-23,-1.2743186950683594,-1.0177993774414062
2020-09-24,0.4306297302246094,0.5133285522460938
2020-09-25,0.017578125,1.7435379028320312
2020-09-28,0.4921455383300781,3.9119110107421875
2020-09-29,-0.316375732421875,-0.7169342041015625
2020-09-30,0.395477294921875,1.27447509765625
2020-10-01,-0.16698455810546875,1.9470977783203125
2020-10-02,0.15819168090820312,-2.4250411987304688
2020-10-05,0.017578125,-0.11505889892578125
2020-10-06,-0.3866844177246094,-1.9736175537109375
2020-10-07,0.5448837280273438,1.1593856811523438
2020-10-08,0.79095458984375,0.7434616088867188
2020-10-09,0.30759429931640625,0.52215576171875
2020-10-12,0.246063232421875,3.2657546997070312
2020-10-13,-0.7645835876464844,1.2479324340820312
2020-10-14,-0.08789443969726562,-0.9027252197265625
2020-10-15,-0.11423873901367188,-0.9647216796875
2020-10-16,0.03514862060546875,0.265533447265625
2020-10-19,-0.360321044921875,-1.8143539428710938
2020-10-20,0.5536766052246094,0.026611328125
2020-10-21,-0.22850418090820312,-0.0973663330078125
2020-10-22,0.6063995361328125,0.00882720947265625
2020-10-23,-0.1406097412109375,-0.04425048828125
2020-10-26,-0.6327667236328125,-1.3275680541992188
2020-10-27,0.08788681030273438,0.9381637573242188
2020-10-28,-1.7049598693847656,-4.380958557128906
2020-10-29,0.052734375,-0.15927886962890625
2020-10-30,0.035152435302734375,-0.6195526123046875
2020-11-02,0.49214935302734375,1.6461715698242188
2020-11-03,0.6415519714355469,1.672698974609375
2020-11-04,-0.1581878662109375,0.7257461547851562
2020-11-05,0.2372894287109375,0.1681671142578125
2020-11-06,0.008785247802734375,0.29206085205078125
2020-11-09,2.7419776916503906,0.06197357177734375
2020-11-10,1.2391700744628906,2.8940658569335938
2020-11-11,-0.35153961181640625,1.9293746948242188
2020-11-12,-0.5009422302246094,-0.05307769775390625
2020-11-13,0.3866996765136719,0.7699356079101562
2020-11-16,0.3515205383300781,0.9293060302734375
2020-11-17,-0.14940261840820312,-0.460174560546875
2020-11-18,-0.9403457641601562,-1.6461944580078125
2020-11-19,0.4569892883300781,-0.0531158447265625
2020-11-20,-0.40425872802734375,0.08850860595703125
2020-11-23,0.008785247802734375,-0.35402679443359375
2020-11-24,0.4745674133300781,0.893890380859375
2020-11-25,-0.2548484802246094,0.11507415771484375
2020-11-27,-0.20213699340820312,0.3893890380859375
2020-11-30,-0.6111602783203125,-0.3274383544921875
2020-12-01,0.3897209167480469,1.6284866333007812
2020-12-02,0.062007904052734375,-1.2833480834960938
2020-12-03,0.5934410095214844,0.7603073120117188
2020-12-04,0.947723388671875,1.2479400634765625
2020-12-07,-0.7617225646972656,-0.4278564453125
2020-12-08,0.16827392578125,0.1336822509765625
2020-12-09,0.13287353515625,0.1515350341796875
2020-12-10,-0.24800491333007812,-0.9091796875
2020-12-11,0.2657127380371094,0.26739501953125
2020-12-14,-0.07085800170898438,-0.659576416015625
2020-12-15,0.5048713684082031,0.4813079833984375
2020-12-16,-0.6908645629882812,0.1069488525390625
2020-12-17,0.18599319458007812,0.730926513671875
2020-12-18,0.4163055419921875,1.087432861328125
2020-12-21,-0.8237342834472656,-1.3637237548828125
2020-12-22,-0.04428863525390625,-1.2300872802734375
2020-12-23,0.2834320068359375,0.347625732421875
2020-12-24,0.3188629150390625,0.5793609619140625
2020-12-28,0.6377372741699219,1.64898681640625
2020-12-29,-0.026580810546875,0.4545745849609375
2020-12-30,0.2745704650878906,-0.0980377197265625
2020-12-31,0.35430145263671875,0.8824462890625
2021-01-04,-1.8423233032226562,-3.592071533203125
2021-01-05,-0.5137252807617188,0.3832244873046875
2021-01-06,-1.470306396484375,-1.5776748657226562
2021-01-07,-0.4960174560546875,-0.41002655029296875
2021-01-08,0.9920196533203125,1.524200439453125
2021-01-11,-0.7794380187988281,-1.8629150390625
2021-01-12,-0.07972335815429688,-0.5882949829101562
2021-01-13,0.044292449951171875,1.0340042114257812
2021-01-14,-0.82373046875,-0.7398529052734375
2021-01-15,-0.4694366455078125,-0.32976531982421875
2021-01-19,-0.16829299926757812,0.5971755981445312
2021-01-20,0.15056991577148438,-0.650665283203125
2021-01-21,0.2391510009765625,-1.5331192016601562
2021-01-22,-0.40743255615234375,-0.9091720581054688
2021-01-25,0.25685882568359375,1.4172210693359375
2021-01-26,0.4517173767089844,1.444000244140625
2021-01-27,-0.6731491088867188,-3.351470947265625
2021-01-28,0.5491600036621094,1.0250625610351562
2021-01-29,-0.8857345581054688,-2.3353195190429688
2021-02-01,0.29228973388671875,0.36542510986328125
2021-02-02,0.42514801025390625,1.247894287109375
2021-02-03,-0.1682891845703125,-0.32086944580078125
2021-02-04,0.21257781982421875,1.4795989990234375
2021-02-05,0.5668601989746094,1.1409454345703125
2021-02-08,0.23915863037109375,-0.49918365478515625
2021-02-09,-0.19486236572265625,-0.7130203247070312
2021-02-10,-0.08858108520507812,-1.6935653686523438
2021-02-11,0.6200103759765625,-2.4333648681640625
2021-02-12,0.3454437255859375,-0.9805145263671875
2021-02-16,-0.37200164794921875,0.4546051025390625
2021-02-17,-0.12401580810546875,0.07131195068359375
2021-02-18,0.5668754577636719,0.8111343383789062
2021-02-19,-0.5845870971679688,-2.54925537109375
2021-02-22,0.4605827331542969,-0.4635009765625
2021-02-23,-0.07971572875976562,0.7041549682617188
2021-02-24,0.15056991577148438,-0.6150360107421875
2021-02-25,-0.4782829284667969,-1.862884521484375
2021-02-26,-1.0451698303222656,-0.7219924926757812
2021-03-01,0.8060150146484375,1.2746200561523438
2021-03-02,0.17714691162109375,0.4011077880859375
2021-03-03,-0.106292724609375,-1.7202987670898438
2021-03-04,-0.03542327880859375,0.6406021118164062
2021-03-05,0.7528800964355469,3.7735137939453125
2021-03-08,0.7528610229492188,-0.8085708618164062
2021-03-09,-0.6908645629882812,0.10779571533203125
2021-03-10,0.5137176513671875,1.1949539184570312
2021-03-11,-0.4960136413574219,-0.32346343994140625
2021-03-12,-0.08930587768554688,-0.16170501708984375
2021-03-15,0.5983772277832031,-0.00901031494140625
2021-03-16,0.16969680786132812,0.8805313110351562
2021-03-17,0.0178680419921875,-0.35041046142578125
2021-03-18,-0.5983848571777344,-0.9793319702148438
2021-03-19,0.21433639526367188,1.7699508666992188
2021-03-22,0.1696929931640625,2.9649429321289062
2021-03-23,0.3483085632324219,1.491424560546875
2021-03-24,0.1161041259765625,-0.5839691162109375
2021-03-25,0.4465484619140625,0.7367477416992188
2021-03-26,0.9109725952148438,2.75823974609375
2021-03-29,0.7234077453613281,1.8957366943359375
2021-03-30,-0.6251716613769531,-2.0394744873046875
2021-03-31,-0.3929634094238281,-0.9793167114257812
2021-04-01,-0.17862319946289062,-0.1527252197265625
2021-04-05,0.2679328918457031,1.6890792846679688
2021-04-06,0.33937835693359375,0.4582061767578125
2021-04-07,0.08038330078125,-0.23358154296875
2021-04-08,-0.14290237426757812,-0.7816619873046875
2021-04-09,0.05358123779296875,0.0269622802734375
2021-04-12,0.15183258056640625,0.404296875
2021-04-13,-0.232208251953125,0.0269622802734375
2021-04-14,-0.008930206298828125,-0.8445587158203125
2021-04-15,0.22327423095703125,0.1796875
2021-04-16,0.31258392333984375,1.6621551513671875
2021-04-19,0.2858009338378906,0.5300750732421875
2021-04-20,0.15182113647460938,0.862518310546875
2021-04-21,0.3929786682128906,1.141082763671875
2021-04-22,-0.15183639526367188,-0.817596435546875
2021-04-23,0.02679443359375,-0.2156524658203125
2021-04-26,-0.7234153747558594,-2.219207763671875
2021-04-27,-0.07144927978515625,-0.422271728515625
2021-04-28,0.00893402099609375,-0.9523773193359375
2021-04-29,0.5983810424804688,1.8957672119140625
2021-04-30,-0.2500648498535156,0.197662353515625
2021-05-03,0.44654083251953125,1.4644775390625
2021-05-04,-0.3036537170410156,-1.644134521484375
2021-05-05,-0.125030517578125,-0.062957763671875
2021-05-06,0.4822731018066406,1.500457763671875
2021-05-07,-0.026790618896484375,0.0
2021-05-10,0.3572502136230469,1.0422210693359375
2021-05-11,-0.5269393920898438,-0.961395263671875
2021-05-12,-0.2500762939453125,-1.275787353515625
2021-05-13,0.4197654724121094,1.922698974609375
2021-05-14,0.19647979736328125,0.1977081298828125
2021-05-17,-0.08037185668945312,-0.37738037109375
2021-05-18,-0.2679290771484375,-0.5930023193359375
2021-05-19,-0.1518402099609375,-0.0718536376953125
2021-05-20,0.42870330810546875,1.617218017578125
2021-05-21,-0.02680206298828125,-0.116790771484375
2021-05-24,0.16076278686523438,0.673858642578125
2021-05-25,-0.00893402099609375,0.404266357421875
2021-05-26,0.21434402465820312,0.0
2021-05-27,0.4108314514160156,-1.6082305908203125
2021-05-28,-0.178619384765625,1.2848052978515625
2021-06-01,-0.0089263916015625,-0.2785186767578125
2021-06-02,0.19647216796875,0.5301055908203125
2021-06-03,0.12504196166992188,0.4751129150390625
2021-06-04,0.535858154296875,0.1538543701171875
2021-06-07,-0.17862319946289062,-0.0814361572265625
2021-06-08,-0.34830474853515625,-1.24896240234375
2021-06-09,-0.15183258056640625,-0.2443084716796875
2021-06-10,0.38404083251953125,1.357513427734375
2021-06-11,0.22327041625976562,0.0814361572265625
2021-06-14,-0.17096710205078125,0.79644775390625
2021-06-15,-0.12598037719726562,0.009033203125
2021-06-16,-0.6658744812011719,-1.3394317626953125
2021-06-17,0.2519569396972656,1.2851409912109375
2021-06-18,-1.0618095397949219,-2.8055877685546875
2021-06-21,0.5309028625488281,1.0317230224609375
2021-06-22,0.17997360229492188,0.1991424560546875
2021-06-23,-0.3959312438964844,-1.7467193603515625
2021-06-24,0.24295806884765625,0.7421417236328125
2021-06-25,-0.06299972534179688,0.669708251953125
2021-06-28,-0.053985595703125,0.5701446533203125
2021-06-29,-0.35992431640625,-0.090484619140625
2021-06-30,0.22495651245117188,1.1131744384765625
2021-07-01,-0.13498687744140625,0.0271453857421875
2021-07-02,0.19797134399414062,0.6425933837890625
2021-07-06,-0.2699394226074219,0.1990814208984375
2021-07-07,0.3959083557128906,0.5973052978515625
2021-07-08,-0.17095947265625,0.0633392333984375
2021-07-09,0.2969474792480469,-0.3438720703125
2021-07-12,0.0179901123046875,0.0271453857421875
2021-07-13,0.4859123229980469,3.1223297119140625
2021-07-14,1.1157951354980469,1.429901123046875
2021-07-15,0.16196823120117188,0.6425933837890625
2021-07-16,-0.03598785400390625,0.5158538818359375
2021-07-19,-0.6028938293457031,-0.01806640625
2021-07-20,0.08998489379882812,0.01806640625
2021-07-21,0.6478805541992188,-0.5248565673828125
2021-07-22,-0.071990966796875,-0.0452880859375
2021-07-23,0.4859123229980469,1.800994873046875
2021-07-26,0.04499053955078125,-0.09954833984375
2021-07-27,0.179962158203125,0.787353515625
2021-07-28,-0.46790313720703125,-1.312255859375
2021-07-29,0.27893829345703125,0.28961181640625
2021-07-30,-0.0179901123046875,0.126708984375
2021-08-02,-0.13497161865234375,-0.5701904296875
2021-08-03,0.035984039306640625,0.3167572021484375
2021-08-04,-0.7378578186035156,-2.37115478515625
2021-08-05,0.3599281311035156,0.2353057861328125
2021-08-06,0.12598037719726562,0.0181121826171875
2021-08-09,0.009002685546875,0.0180816650390625
2021-08-10,0.13496780395507812,0.0723876953125
2021-08-11,-0.06298065185546875,0.55206298828125
2021-08-12,0.09897994995117188,0.0271759033203125
2021-08-13,0.3509330749511719,1.312255859375
2021-08-16,0.2249603271484375,1.384735107421875
2021-08-17,-0.17997360229492188,-0.1357879638671875
2021-08-18,-0.7018699645996094,-1.46612548828125
2021-08-19,0.3239402770996094,2.3802032470703125
2021-08-20,-0.19795989990234375,-0.506805419921875
2021-08-23,-0.17996597290039062,-0.4524993896484375
2021-08-24,-0.3869209289550781,-1.7738800048828125
2021-08-25,0.053981781005859375,-0.6244354248046875
2021-08-26,-0.47690582275390625,-0.515838623046875
2021-08-27,0.09897994995117188,0.280517578125
2021-08-30,0.4769096374511719,0.959320068359375
2021-08-31,0.11698532104492188,0.3529510498046875
2021-09-01,0.3419303894042969,1.375640869140625
2021-09-02,0.07198333740234375,0.104827880859375
2021-09-03,-0.03598785400390625,0.1275634765625
2021-09-07,-0.953826904296875,-2.332733154296875
2021-09-08,0.6748809814453125,1.995574951171875
2021-09-09,-0.5039100646972656,-0.902130126953125
2021-09-10,-0.22496795654296875,-0.2460174560546875
2021-09-13,0.4139289855957031,0.2733306884765625
2021-09-14,0.03626251220703125,-0.555816650390625
2021-09-15,0.17226409912109375,0.7927703857421875
2021-09-16,-0.4805183410644531,-0.4191741943359375
2021-09-17,-0.8250236511230469,-1.3030548095703125
2021-09-20,-0.3445091247558594,-0.473846435546875
2021-09-21,-0.00907135009765625,-0.0637664794921875
2021-09-22,0.07253265380859375,0.4282684326171875
2021-09-23,-0.08160018920898438,0.109344482421875
2021-09-24,-0.13599014282226562,0.06378173828125
2021-09-27,-0.2538604736328125,-1.3485870361328125
2021-09-28,-0.8794212341308594,-1.5217742919921875
2021-09-29,0.2901191711425781,1.1390228271484375
2021-09-30,-0.444244384765625,-1.72222900390625
2021-10-01,0.49863433837890625,0.4920806884765625
2021-10-04,-0.027187347412109375,-0.68341064453125
2021-10-05,0.0815887451171875,0.8109588623046875
2021-10-06,0.5711784362792969,3.5264892578125
2021-10-07,0.1541290283203125,1.3030548095703125
2021-10-08,0.21757888793945312,-0.32806396484375
2021-10-11,0.09973526000976562,0.191375732421875
2021-10-12,0.0,0.6287384033203125
2021-10-13,0.009067535400390625,0.9658966064453125
2021-10-14,0.33544158935546875,1.1572265625
2021-10-15,-0.11785507202148438,-0.4100341796875
2021-10-18,-0.4895820617675781,-0.65606689453125
2021-10-19,0.19040298461914062,1.8315582275390625
2021-10-20,0.4351768493652344,1.1025848388671875
2021-10-21,-0.2538566589355469,-1.94091796875
2021-10-22,0.09066009521484375,0.7198944091796875
2021-10-25,-0.19945526123046875,-0.6834259033203125
2021-10-26,0.21758651733398438,1.7769012451171875
2021-10-27,0.9519577026367188,-0.510284423828125
2021-10-28,0.4714508056640625,0.9203338623046875
2021-10-29,0.2991790771484375,-0.018218994140625
2021-11-01,-0.18132400512695312,-0.3098297119140625
2021-11-02,-0.0634613037109375,1.348602294921875
2021-11-03,0.1722564697265625,1.4215545654296875
2021-11-04,0.2810516357421875,0.00909423828125
2021-11-05,0.21759796142578125,1.5399627685546875
2021-11-08,-0.4623832702636719,-3.25311279296875
2021-11-09,0.14506149291992188,0.9841461181640625
2021-11-10,0.208526611328125,0.48297119140625
2021-11-11,0.01812744140625,-1.2301483154296875
2021-11-12,-0.11786270141601562,-0.0364532470703125
2021-11-15,0.009059906005859375,1.04791259765625
2021-11-16,-0.362640380859375,-0.4465179443359375
2021-11-17,-0.28105926513671875,0.0546875
2021-11-18,-0.4533119201660156,0.0455474853515625
2021-11-19,-0.25385284423828125,0.355377197265625
2021-11-22,0.3082542419433594,0.3098297119140625
2021-11-23,0.3717155456542969,1.002349853515625
2021-11-24,-0.4079856872558594,-1.3759307861328125
2021-11-26,-1.5412635803222656,-2.3692169189453125
2021-11-29,0.7706375122070312,2.733673095703125
2021-11-30,-1.5623435974121094,-3.9729461669921875
2021-12-01,-0.13705062866210938,0.3462677001953125
2021-12-02,0.7035140991210938,1.4081878662109375
2021-12-03,0.4294166564941406,3.752105712890625
2021-12-06,1.251708984375,1.5687255859375
2021-12-07,0.2740936279296875,-0.1743011474609375
2021-12-08,-0.191864013671875,0.26605224609375
2021-12-09,-0.1279144287109375,-0.1926727294921875
2021-12-10,1.2973861694335938,2.4402618408203125
2021-12-13,1.3522071838378906,0.7706146240234375
2021-12-14,0.036548614501953125,-0.38531494140625
2021-12-15,0.23755645751953125,1.999908447265625
2021-12-16,0.5390472412109375,0.2293701171875
2021-12-17,-0.8405647277832031,-3.229217529296875
2021-12-20,-0.17358779907226562,1.0274658203125
2021-12-21,0.21014404296875,-0.4586944580078125
2021-12-22,0.3745918273925781,0.9632720947265625
2021-12-23,0.036548614501953125,-0.17431640625
2021-12-27,0.3928680419921875,1.5503692626953125
2021-12-28,0.21014404296875,0.816497802734375
2021-12-29,0.06396102905273438,0.5595855712890625
2021-12-30,-0.15533065795898438,-0.27520751953125
2021-12-31,0.3928718566894531,0.954071044921875
2022-01-03,0.08223342895507812,-0.669708251953125
2022-01-04,0.9045181274414062,0.2293701171875
2022-01-05,0.4568214416503906,0.5412445068359375
2022-01-06,-0.29236602783203125,0.036712646484375
2022-01-07,-0.12790679931640625,0.201812744140625
2022-01-10,0.09136199951171875,0.082550048828125
2022-01-11,0.018268585205078125,-0.0733795166015625
2022-01-12,0.08223342895507812,-0.1743011474609375
2022-01-13,0.32891845703125,0.2568817138671875
2022-01-14,0.44768524169921875,1.33935546875
2022-01-18,-0.44768524169921875,-1.5411834716796875
2022-01-19,0.09136581420898438,1.1467132568359375
2022-01-20,-0.22841262817382812,-1.165069580078125
2022-01-21,-0.2741050720214844,0.2568817138671875
2022-01-24,-0.44769287109375,-0.81646728515625
2022-01-25,-0.12790298461914062,-1.8256378173828125
2022-01-26,-0.20101165771484375,-1.660430908203125
2022-01-27,0.04569244384765625,-0.14678955078125
2022-01-28,1.0872459411621094,3.027374267578125
2022-01-31,0.1553192138671875,0.7797698974609375
2022-02-01,-0.41114044189453125,-1.0825347900390625
2022-02-02,0.5664710998535156,2.8714447021484375
2022-02-03,0.3928718566894531,-0.0917510986328125
2022-02-04,-0.5938873291015625,-2.642059326171875
2022-02-07,0.5847396850585938,-0.6238250732421875
2022-02-08,0.36547088623046875,0.192657470703125
2022-02-09,-0.8771133422851562,-0.0733795166015625
2022-02-10,0.3106422424316406,-3.2751007080078125
2022-02-11,-0.9958839416503906,0.1926422119140625
2022-02-14,0.3563232421875,-1.7246856689453125
2022-02-15,0.21014404296875,-0.6788330078125
2022-02-16,-0.009136199951171875,0.3119049072265625
2022-02-17,1.1146583557128906,0.4128265380859375
2022-02-18,0.3837318420410156,0.8806915283203125
2022-02-22,-0.23755264282226562,0.5871124267578125
2022-02-23,-0.6304168701171875,-1.5228424072265625
2022-02-24,-0.9867515563964844,-2.6604461669921875
2022-02-25,2.137958526611328,4.2108154296875
2022-02-28,-0.5573310852050781,-4.25665283203125
2022-03-01,-0.24668121337890625,-1.34857177734375
2022-03-02,0.4202728271484375,2.064117431640625
2022-03-03,0.036548614501953125,-0.161590576171875
2022-03-04,0.09136199951171875,2.290069580078125
2022-03-07,-1.3613433837890625,-3.0472869873046875
2022-03-08,-2.211040496826172,-4.229278564453125
2022-03-09,0.2740898132324219,-0.433990478515625
2022-03-10,-0.9867401123046875,-2.6686859130859375
2022-03-11,0.036540985107421875,-0.720245361328125
2022-03-14,0.97589111328125,1.9945831298828125
2022-03-15,0.9942970275878906,2.871826171875
2022-03-16,-0.14729690551757812,0.646392822265625
2022-03-17,0.5800056457519531,1.1450347900390625
2022-03-18,0.009204864501953125,1.70831298828125
2022-03-21,0.4419136047363281,-0.212371826171875
2022-03-22,0.20254135131835938,1.6437225341796875
2022-03-23,-0.3682670593261719,-0.7941741943359375
2022-03-24,0.5339813232421875,0.9141998291015625
2022-03-25,0.5063591003417969,0.71099853515625
2022-03-28,0.35904693603515625,0.4524993896484375
2022-03-29,0.22095870971679688,2.2716217041015625
2022-03-30,0.046031951904296875,-0.2123870849609375
2022-03-31,-0.193328857421875,-0.535614013671875
2022-04-01,0.8009605407714844,2.19775390625
2022-04-04,-0.3038177490234375,-0.4063262939453125
2022-04-05,-0.06444931030273438,0.1662445068359375
2022-04-06,0.58001708984375,2.6686859130859375
2022-04-07,0.3130149841308594,0.147735595703125
2022-04-08,0.3590545654296875,0.53558349609375
2022-04-11,-0.01840972900390625,-0.489410400390625
2022-04-12,0.6904754638671875,0.6464080810546875
2022-04-13,0.15651702880859375,-0.277069091796875
2022-04-14,0.2669868469238281,-1.0157470703125
2022-04-18,-0.5339698791503906,-1.3666534423828125
2022-04-19,0.5800018310546875,2.2900848388671875
2022-04-20,0.8193778991699219,2.3732147216796875
2022-04-21,0.23017120361328125,-0.581787109375
2022-04-22,-0.8838272094726562,-2.4840087890625
2022-04-25,0.6352424621582031,1.4682769775390625
2022-04-26,-0.8193778991699219,-0.40631103515625
2022-04-27,0.4695281982421875,1.4312896728515625
2022-04-28,0.5800209045410156,2.44708251953125
2022-04-29,-1.4546394348144531,-5.34661865234375
2022-05-02,-1.0771522521972656,-3.6475372314453125
2022-05-03,-0.33142852783203125,0.2124176025390625
2022-05-04,1.7952651977539062,5.4204864501953125
2022-05-05,-0.4787445068359375,-3.2042694091796875
2022-05-06,0.2117462158203125,0.0184478759765625
2022-05-09,-0.11968612670898438,1.19122314453125
2022-05-10,-0.5523796081542969,-0.19390869140625
2022-05-11,0.2761878967285156,-0.766448974609375
2022-05-12,0.18413162231445312,-0.2401123046875
2022-05-13,1.113983154296875,3.065765380859375
2022-05-16,0.22095870971679688,1.6160125732421875
2022-05-17,-0.16570663452148438,-0.9326934814453125
2022-05-18,-4.216575622558594,-9.982147216796875
2022-05-19,-1.1047821044921875,-2.2623748779296875
2022-05-20,0.9022369384765625,0.93267822265625
2022-05-23,1.7308158874511719,3.1303558349609375
2022-05-24,1.0679550170898438,2.050018310546875
2022-05-25,0.0460357666015625,1.061920166015625
2022-05-26,0.21175003051757812,1.05267333984375
2022-05-27,0.3498382568359375,1.5328826904296875
2022-05-31,-1.1968421936035156,-3.712127685546875
2022-06-01,-0.2854042053222656,-1.16351318359375
2022-06-02,0.607635498046875,1.2459869384765625
2022-06-03,-0.6996917724609375,-1.7016143798828125
2022-06-06,-0.09206390380859375,0.6416168212890625
2022-06-07,0.34984588623046875,0.9484405517578125
2022-06-08,-0.3314361572265625,-0.7718048095703125
2022-06-09,-1.0035057067871094,-2.7430267333984375
2022-06-10,-0.3590507507324219,-0.24176025390625
2022-06-13,-0.06444549560546875,-2.5849609375
2022-06-14,-1.5485992431640625,-3.36602783203125
2022-06-15,0.40802001953125,1.552825927734375
2022-06-16,-0.5563812255859375,-0.7066650390625
2022-06-17,0.33382415771484375,0.0278778076171875
2022-06-21,1.1776771545410156,3.3939361572265625
2022-06-22,0.4172821044921875,1.227386474609375
2022-06-23,0.6769294738769531,1.9248046875
2022-06-24,1.0756645202636719,1.8875732421875
2022-06-27,-0.12054443359375,0.204559326171875
2022-06-28,-0.5842094421386719,-2.175872802734375
2022-06-29,0.41728973388671875,2.5291900634765625
2022-06-30,0.16691970825195312,-0.0650634765625
2022-07-01,1.3631324768066406,2.5384674072265625
2022-07-05,-1.0200347900390625,-0.35333251953125
2022-07-06,0.12054824829101562,1.5713958740234375
2022-07-07,-0.46364593505859375,-0.3161468505859375
2022-07-08,0.21327590942382812,1.41339111328125
2022-07-11,-0.185455322265625,-1.3110809326171875
2022-07-12,-0.2503776550292969,-0.9019622802734375
2022-07-13,-0.2689094543457031,0.5579071044921875
2022-07-14,-0.1854705810546875,0.8182830810546875
2022-07-15,0.2967414855957031,0.130157470703125
2022-07-18,-0.7882041931152344,-2.6593475341796875
2022-07-19,0.8160209655761719,1.6737213134765625
2022-07-20,-0.9551200866699219,-1.6737213134765625
2022-07-21,-0.12981414794921875,0.23248291015625
2022-07-22,0.21327590942382812,1.0228424072265625
2022-07-25,0.5563774108886719,0.22314453125
2022-07-26,0.9458427429199219,1.8410797119140625
2022-07-27,-0.18545913696289062,-0.2231903076171875
2022-07-28,0.9736709594726562,3.0220184326171875
2022-07-29,0.10199356079101562,0.111572265625
2022-08-01,0.3245582580566406,1.850372314453125
2022-08-02,-0.8160209655761719,-1.3575439453125
2022-08-03,0.2596397399902344,1.2459716796875
2022-08-04,-0.2318267822265625,-0.892669677734375
2022-08-05,-0.26891326904296875,-1.2273712158203125
2022-08-08,-0.3801841735839844,-0.650909423828125
2022-08-09,0.0741729736328125,0.60443115234375
2022-08-10,0.5563850402832031,1.3389739990234375
2022-08-11,-0.3987312316894531,-0.836883544921875
2022-08-12,0.445098876953125,2.129364013671875
2022-08-15,0.7418365478515625,1.81317138671875
2022-08-16,0.4914741516113281,0.967041015625
2022-08-17,-0.13910293579101562,-0.0929718017578125
2022-08-18,0.3152885437011719,0.1673583984375
2022-08-19,-0.046367645263671875,-0.2138671875
2022-08-22,-0.8994903564453125,-1.5993194580078125
2022-08-23,0.06491851806640625,-0.0743865966796875
2022-08-24,0.08346176147460938,0.8275909423828125
2022-08-25,0.28746795654296875,0.0092926025390625
2022-08-26,-1.4465866088867188,-3.9332733154296875
2022-08-29,-0.352386474609375,-0.5113983154296875
2022-08-30,-0.5378265380859375,-1.3947601318359375
2022-08-31,-0.40801239013671875,-0.6694793701171875
2022-09-01,0.2689170837402344,1.6194000244140625
2022-09-02,-0.7882080078125,-2.050018310546875
2022-09-06,0.0278167724609375,-1.0764923095703125
2022-09-07,1.0478477478027344,3.5009613037109375
2022-09-08,-0.17617416381835938,-0.5429229736328125
2022-09-09,0.18544387817382812,0.514862060546875
2022-09-12,0.16691970825195312,0.63653564453125
2022-09-13,-1.8824195861816406,-6.0752410888671875
2022-09-14,0.2967338562011719,1.1888275146484375
2022-09-15,-0.7659225463867188,-2.62103271484375
2022-09-16,0.00933837890625,1.0203399658203125
2022-09-19,0.4203224182128906,1.647491455078125
2022-09-20,-0.08406829833984375,0.1778717041015625
2022-09-21,-0.4670219421386719,-0.4493255615234375
2022-09-22,-0.13077545166015625,0.1497650146484375
2022-09-23,-0.6164817810058594,-0.0748748779296875
2022-09-26,-0.6818618774414062,-0.0655364990234375
2022-09-27,-1.3917465209960938,-2.284027099609375
2022-09-28,0.5604324340820312,2.4899749755859375
2022-09-29,-0.382965087890625,-1.9283447265625
2022-09-30,-0.51373291015625,-3.1359100341796875
2022-10-03,0.5884628295898438,1.862823486328125
2022-10-04,0.12142181396484375,1.7411346435546875
2022-10-05,-0.5043907165527344,-1.0390777587890625
2022-10-06,-1.130218505859375,-2.9954681396484375
2022-10-07,-0.4857063293457031,-1.1139373779296875
2022-10-10,-0.11208724975585938,0.196563720703125
2022-10-11,0.0840606689453125,0.720794677734375
2022-10-12,0.6164817810058594,6.36541748046875
2022-10-13,0.6818656921386719,4.886383056640625
2022-10-14,-0.8313140869140625,-4.13751220703125
2022-10-17,0.6631851196289062,2.377685546875
2022-10-18,0.7005424499511719,2.181060791015625
2022-10-19,-0.4483451843261719,-1.591339111328125
2022-10-20,-0.8219795227050781,-1.778564453125
2022-10-21,0.8219795227050781,1.4977264404296875
2022-10-24,1.5038375854492188,4.324737548828125
2022-10-25,1.2890052795410156,0.5523223876953125
2022-10-26,0.41098785400390625,0.7488555908203125
2022-10-27,0.13077163696289062,-0.1778411865234375
2022-10-28,1.1488838195800781,3.135894775390625
2022-10-31,-0.8499946594238281,-0.6084442138671875
2022-11-01,-0.19614791870117188,-0.76763916015625
2022-11-02,-0.7752647399902344,-2.358917236328125
2022-11-03,-0.0280303955078125,-0.4305877685546875
2022-11-04,0.4483489990234375,0.936065673828125
2022-11-07,0.21483993530273438,1.3386077880859375
2022-11-08,0.10274505615234375,0.468048095703125
2022-11-09,-0.7752685546875,-2.0219573974609375
2022-11-10,1.9708671569824219,2.9486846923828125
2022-11-11,0.410980224609375,-3.416717529296875
2022-11-14,-0.5510940551757812,-1.2356414794921875
2022-11-15,-0.0933990478515625,0.430572509765625
2022-11-16,-0.10275650024414062,1.0671539306640625
2022-11-17,0.1774749755859375,1.59136962890625
2022-11-18,0.40164947509765625,1.2169342041015625
2022-11-21,0.8780136108398438,3.2669677734375
2022-11-22,0.2521934509277344,0.018707275390625
2022-11-23,0.2615394592285156,0.2246551513671875
2022-11-25,0.056041717529296875,-0.9080047607421875
2022-11-28,0.009349822998046875,-0.205963134765625
2022-11-29,-0.20549774169921875,-1.2169189453125
2022-11-30,1.4768714904785156,2.7333984375
2022-12-01,0.16933441162109375,1.4505767822265625
2022-12-02,0.5267791748046875,-0.19781494140625
2022-12-05,-0.8278007507324219,-2.420745849609375
2022-12-06,-0.028228759765625,-1.4034881591796875
2022-12-07,0.09407806396484375,0.5180511474609375
2022-12-08,0.2539787292480469,1.507110595703125
2022-12-09,-0.6302566528320312,-0.6405029296875
2022-12-12,0.7807693481445312,0.8194732666015625
2022-12-13,0.018810272216796875,-0.0942230224609375
2022-12-14,0.0,-0.480377197265625
2022-12-15,-0.8278083801269531,-2.92938232421875
2022-12-16,-0.3386383056640625,0.08477783203125
2022-12-19,0.08465957641601562,0.941925048828125
2022-12-20,-0.04703521728515625,-0.1036376953125
2022-12-21,0.9500961303710938,1.1962890625
2022-12-22,-0.43271636962890625,-1.3281402587890625
2022-12-23,0.4515266418457031,1.1020355224609375
2022-12-27,0.3668670654296875,0.76300048828125
2022-12-28,-0.6020393371582031,-1.243377685546875
2022-12-29,0.3574638366699219,0.2166595458984375
2022-12-30,-0.3198394775390625,-1.24334716796875
2023-01-03,-0.6208534240722656,-1.1774139404296875
2023-01-04,-0.02822113037109375,-0.4144287109375
2023-01-05,-0.6772842407226562,-1.7614288330078125
2023-01-06,1.1288185119628906,3.7677154541015625
2023-01-09,-0.7431373596191406,-1.6672210693359375
2023-01-10,-0.45153045654296875,-1.394073486328125
2023-01-11,-0.112884521484375,0.18841552734375
2023-01-12,-0.7525558471679688,-2.13818359375
2023-01-13,0.20695877075195312,-0.508636474609375
2023-01-17,0.23517608642578125,0.772369384765625
2023-01-18,-1.7590904235839844,-4.1821746826171875
2023-01-19,-0.08465957641601562,-1.8744354248046875
2023-01-20,0.3386497497558594,0.2354888916015625
2023-01-23,0.14110183715820312,-0.7158660888671875
2023-01-24,0.30101776123046875,1.47882080078125
2023-01-25,0.3574562072753906,1.1679840087890625
2023-01-26,-0.11287689208984375,-1.6107025146484375
2023-01-27,-0.30101776123046875,-0.565155029296875
2023-01-30,0.14110565185546875,-0.1318511962890625
2023-01-31,0.6396598815917969,1.4505767822265625
2023-02-01,0.00940704345703125,0.5086212158203125
2023-02-02,-0.9877281188964844,-1.4976348876953125
2023-02-03,-0.4232978820800781,-0.8006591796875
2023-02-06,0.31982421875,2.543212890625
2023-02-07,-0.09406661987304688,-0.2449188232421875
2023-02-08,-0.3292350769042969,-0.3767547607421875
2023-02-09,-0.0940704345703125,1.5259246826171875
2023-02-10,0.0,3.221405029296875
2023-02-13,0.9218788146972656,1.47882080078125
2023-02-14,-0.9500961303710938,-1.88385009765625
2023-02-15,0.0,0.226043701171875
2023-02-16,-0.348052978515625,-0.4709625244140625
2023-02-17,0.8466148376464844,0.7252960205078125
2023-02-21,-0.3010215759277344,-0.094207763671875
2023-02-22,0.1693267822265625,-0.0565032958984375
2023-02-23,0.10347366333007812,0.1789703369140625
2023-02-24,-0.23516845703125,-0.329681396484375
2023-02-27,-0.0188140869140625,-0.0471038818359375
2023-02-28,-0.2916145324707031,-2.2418060302734375
2023-03-01,-0.6114425659179688,-2.0722198486328125
2023-03-02,0.8089866638183594,2.9776458740234375
2023-03-03,-0.26338958740234375,-0.161224365234375
2023-03-06,0.8654327392578125,0.3319244384765625
2023-03-07,-0.32924652099609375,-0.8155517578125
2023-03-08,0.02822113037109375,0.445709228515625
2023-03-09,-0.5455894470214844,-1.2422637939453125
2023-03-10,-0.23517608642578125,0.218109130859375
2023-03-13,0.5644073486328125,1.5931243896484375
2023-03-14,0.20695114135742188,-0.1707000732421875
2023-03-15,0.3762779235839844,2.9397430419921875
2023-03-16,0.3128013610839844,-0.1138153076171875
2023-03-17,-0.2654075622558594,-1.3086395263671875
2023-03-20,0.5497856140136719,2.332794189453125
2023-03-21,-0.26541900634765625,0.3983001708984375
2023-03-22,-0.2559318542480469,-1.422454833984375
2023-03-23,-0.12322998046875,-0.8155364990234375
2023-03-24,0.9289512634277344,3.26214599609375
2023-03-27,0.4265480041503906,0.3793182373046875
2023-03-28,0.06635665893554688,-0.0569000244140625
2023-03-29,0.41707611083984375,1.1759033203125
2023-03-30,-0.0094757080078125,0.1517333984375
2023-03-31,0.17061614990234375,1.393951416015625
2023-04-03,0.3507232666015625,0.189697265625
2023-04-04,-0.18009567260742188,-0.61639404296875
2023-04-05,0.5592613220214844,1.6974334716796875
2023-04-06,0.037914276123046875,0.6827850341796875
2023-04-10,-0.14218521118164062,-1.10003662109375
2023-04-11,-0.1042633056640625,-0.2655487060546875
2023-04-12,0.1042633056640625,-0.3413543701171875
2023-04-13,0.43603515625,1.72589111328125
2023-04-14,-0.09479522705078125,-0.8250274658203125
2023-04-17,0.38864898681640625,0.89141845703125
2023-04-18,0.09478759765625,0.3603668212890625
2023-04-19,0.11374664306640625,-0.104339599609375
2023-04-20,0.265411376953125,0.5784759521484375
2023-04-21,0.0853118896484375,0.07586669921875
2023-04-24,-0.09478759765625,0.0853271484375
2023-04-25,-0.09479522705078125,3.992340087890625
2023-04-26,-0.2843666076660156,-1.109527587890625
2023-04-27,0.12322616577148438,1.090545654296875
2023-04-28,0.4455146789550781,1.137939453125
2023-05-01,0.142181396484375,0.7491607666015625
2023-05-02,-0.2748870849609375,0.5405426025390625
2023-05-03,-0.3412513732910156,-0.0663909912109375
2023-05-04,0.06635665893554688,1.137969970703125
2023-05-05,0.28437042236328125,0.843994140625
2023-05-08,-0.09479141235351562,-0.8724365234375
2023-05-09,-0.5023841857910156,0.7491455078125
2023-05-10,0.10427093505859375,0.123291015625
2023-05-11,0.34124755859375,1.0146484375
2023-05-12,0.23697280883789062,0.73968505859375
2023-05-15,-0.16114425659179688,-1.75433349609375
2023-05-16,-0.6824913024902344,-0.79656982421875
2023-05-17,-0.06635284423828125,-1.2991790771484375
2023-05-18,-0.33176422119140625,-0.474151611328125
2023-05-19,0.028438568115234375,0.265533447265625
2023-05-22,-1.2512321472167969,-4.93115234375
2023-05-23,-0.10426712036132812,-0.5405120849609375
2023-05-24,-0.4929046630859375,-1.1190032958984375
2023-05-25,-0.4455223083496094,-1.0336151123046875
2023-05-26,-0.14218521118164062,-0.2086334228515625
2023-05-30,-0.4549903869628906,-1.8681488037109375
2023-05-31,-0.11375045776367188,0.701751708984375
2023-06-01,0.32228851318359375,1.05517578125
2023-06-02,1.0995674133300781,1.7856903076171875
2023-06-05,-0.3886375427246094,0.1241455078125
2023-06-06,-0.417083740234375,-2.511444091796875
2023-06-07,-0.08530044555664062,-1.3846435546875
2023-06-08,0.14217758178710938,1.9003143310546875
2023-06-09,0.09479141235351562,0.238739013671875
2023-06-12,-0.24645614624023438,-0.4297332763671875
2023-06-13,0.2274932861328125,-0.343780517578125
2023-06-14,0.3886451721191406,1.5565185546875
2023-06-15,0.7927474975585938,2.425506591796875
2023-06-16,0.42024993896484375,0.3151092529296875
2023-06-20,-0.3915977478027344,-0.6970672607421875
2023-06-21,0.16237258911132812,0.1145782470703125
2023-06-22,0.401153564453125,1.8334503173828125
2023-06-23,-0.6208267211914062,-1.2223052978515625
2023-06-26,0.01909637451171875,-1.126800537109375
2023-06-27,-0.12416458129882812,1.2700347900390625
2023-06-28,-0.5444183349609375,-2.406402587890625
2023-06-29,-0.4775581359863281,0.171905517578125
2023-06-30,0.19102859497070312,1.2795867919921875
2023-07-03,0.343841552734375,0.3628692626953125
2023-07-05,0.4297981262207031,0.935821533203125
2023-07-06,-0.44890594482421875,0.01910400390625
2023-07-07,-0.76409912109375,-3.361328125
2023-07-10,-0.42980194091796875,1.1649932861328125
2023-07-11,0.2005767822265625,-0.305572509765625
2023-07-12,0.30564117431640625,-0.7734832763671875
2023-07-13,0.4871063232421875,4.1634674072265625
2023-07-14,0.5253219604492188,0.649322509765625
2023-07-17,-0.08596038818359375,-2.4636688232421875
2023-07-18,-0.2292327880859375,-1.1268157958984375
2023-07-19,1.0219802856445312,1.7283935546875
2023-07-20,0.7163352966308594,2.9029693603515625
2023-07-21,0.047763824462890625,0.8212432861328125
2023-07-24,0.019100189208984375,0.7257232666015625
2023-07-25,-0.20058059692382812,0.4201507568359375
2023-07-26,0.7640953063964844,0.2292022705078125
2023-07-27,-0.5826148986816406,-2.9316253662109375
2023-07-28,0.038204193115234375,1.6997833251953125
2023-07-31,-0.5253181457519531,-2.721527099609375
2023-08-01,-0.15282058715820312,-0.61114501953125
2023-08-02,0.18147659301757812,1.422821044921875
2023-08-03,-0.30564117431640625,-1.1363525390625
2023-08-04,-0.8882598876953125,-2.406402587890625
2023-08-07,0.4584541320800781,2.1867523193359375
2023-08-08,-0.25788116455078125,-2.3395233154296875
2023-08-09,0.13371658325195312,-0.4392852783203125
2023-08-10,-0.13371658325195312,-0.219635009765625
2023-08-11,0.23877334594726562,0.2769317626953125
2023-08-14,-0.2769737243652344,-0.40106201171875
2023-08-15,-0.3916015625,-2.1676483154296875
2023-08-16,0.009548187255859375,-0.1337127685546875
2023-08-17,0.12416458129882812,-2.6355743408203125
2023-08-18,0.3247413635253906,-0.2578277587890625
2023-08-21,-0.4966583251953125,-1.0790557861328125
2023-08-22,-0.3533935546875,-1.2891387939453125
2023-08-23,0.20056915283203125,2.3109130859375
2023-08-24,-0.1528167724609375,-0.89764404296875
2023-08-25,0.26743316650390625,2.1390228271484375
2023-08-28,0.1623687744140625,0.7925872802734375
2023-08-29,-0.05730438232421875,0.6493377685546875
2023-08-30,-0.028652191162109375,0.14324951171875
2023-08-31,-0.6112785339355469,-1.822296142578125
2023-09-01,-0.49666595458984375,-2.500274658203125
2023-09-05,-0.4680061340332031,-1.115509033203125
2023-09-06,-0.038204193115234375,0.5481414794921875
2023-09-07,-0.42980194091796875,1.6059417724609375
2023-09-08,0.0,-0.125
2023-09-11,0.5253143310546875,2.557952880859375
2023-09-12,-0.5539741516113281,-0.6346893310546875
2023-09-13,0.13371658325195312,1.35589599609375
2023-09-14,0.46209716796875,1.49053955078125
2023-09-15,-0.5006027221679688,-1.336700439453125
2023-09-18,0.3465690612792969,-0.4423065185546875
2023-09-19,-0.11552047729492188,-1.0193634033203125
2023-09-20,0.25029754638671875,0.057708740234375
2023-09-21,-0.866424560546875,-2.884918212890625
2023-09-22,0.05776214599609375,-0.10577392578125
2023-09-25,-0.5776176452636719,-0.9039459228515625
2023-09-26,-0.4524726867675781,-1.74053955078125
2023-09-27,-0.5583610534667969,-2.8368377685546875
2023-09-28,-0.13477325439453125,-0.0673370361328125
2023-09-29,0.16365432739257812,-0.0576934814453125
2023-10-02,-0.4813499450683594,-0.2596435546875
2023-10-03,-0.5776176452636719,-1.413604736328125
2023-10-04,0.15402984619140625,1.1635894775390625
2023-10-05,-2.5607681274414062,-8.472015380859375
2023-10-06,0.7316474914550781,0.18267822265625
2023-10-09,-0.2503013610839844,1.0289764404296875
2023-10-10,1.1070976257324219,2.923370361328125
2023-10-11,-0.3080635070800781,-1.7117156982421875
2023-10-12,-0.866424560546875,-4.3658447265625
2023-10-13,0.07700729370117188,1.846343994140625
2023-10-16,0.519866943359375,1.0385894775390625
2023-10-17,0.6161231994628906,-0.682769775390625
2023-10-18,-0.019256591796875,1.5963134765625
2023-10-19,0.28881072998046875,-1.4136199951171875
2023-10-20,0.21179962158203125,-0.53851318359375
2023-10-23,-0.47171783447265625,0.076934814453125
2023-10-24,1.501800537109375,2.029052734375
2023-10-25,0.46208953857421875,0.153900146484375
2023-10-26,-0.3273124694824219,-0.903961181640625
2023-10-27,-0.5198593139648438,-1.7213287353515625
2023-10-30,0.8760566711425781,2.5579376220703125
2023-10-31,0.3273200988769531,0.961639404296875
2023-11-01,-0.0481414794921875,1.5290069580078125
2023-11-02,0.6257553100585938,1.8848114013671875
2023-11-03,-0.3369407653808594,-0.0384674072265625
2023-11-06,0.2214202880859375,-0.0865478515625
2023-11-07,0.20216751098632812,0.461578369140625
2023-11-08,-0.08664703369140625,0.20196533203125
2023-11-09,-0.4139595031738281,-1.182830810546875
2023-11-10,0.05776214599609375,0.7308502197265625
2023-11-13,0.20216751098632812,0.8173980712890625
2023-11-14,0.16365814208984375,0.3269805908203125
2023-11-15,0.10589599609375,-0.8270416259765625
2023-11-16,-0.057758331298828125,0.442352294921875
2023-11-17,0.10589218139648438,-0.913543701171875
2023-11-20,0.1347808837890625,-0.2307891845703125
2023-11-21,0.6065025329589844,1.23089599609375
2023-11-22,0.3754463195800781,1.3655242919921875
2023-11-24,0.1444091796875,0.1442413330078125
2023-11-27,-0.10589981079101562,-1.00970458984375
2023-11-28,0.1155242919921875,0.5192718505859375
2023-11-29,-0.336944580078125,-1.634796142578125
2023-11-30,0.6501388549804688,2.3206787109375
2023-12-01,0.19408035278320312,0.387603759765625
2023-12-04,-0.06792449951171875,0.43603515625
2023-12-05,0.08732986450195312,-1.1627655029296875
2023-12-06,-0.058223724365234375,-0.416656494140625
2023-12-07,0.13585662841796875,-0.0484619140625
2023-12-08,-0.12615203857421875,-1.724761962890625
2023-12-11,0.41725921630859375,2.0736083984375
2023-12-12,0.36873626708984375,0.62982177734375
2023-12-13,0.4948844909667969,3.430145263671875
2023-12-14,-0.8636207580566406,-3.6433258056640625
2023-12-15,-0.42696380615234375,-1.2111968994140625
2023-12-18,0.40755462646484375,1.8507232666015625
2023-12-19,-0.18436431884765625,-0.930206298828125
2023-12-20,-1.1838455200195312,-2.1898651123046875
2023-12-21,0.3687400817871094,1.2402496337890625
2023-12-22,0.3202171325683594,0.6879730224609375
2023-12-26,0.23288726806640625,1.1434173583984375
2023-12-27,0.1455535888671875,0.523223876953125
2023-12-28,0.038814544677734375,-0.0096893310546875
2023-12-29,0.17466354370117188,0.43603515625
2024-01-02,0.8636245727539062,2.974761962890625
2024-01-03,0.1358489990234375,0.0387420654296875
2024-01-04,-0.19407272338867188,-1.434051513671875
2024-01-05,-0.08733367919921875,-2.4515228271484375
2024-01-08,0.4269599914550781,0.164703369140625
2024-01-09,-0.1067352294921875,-1.8797607421875
2024-01-10,0.19407272338867188,-0.24224853515625
2024-01-11,-0.3784446716308594,-0.7655029296875
2024-01-12,0.5628089904785156,1.1046295166015625
2024-01-16,-0.3881416320800781,-1.0658721923828125
2024-01-17,0.0,0.261627197265625
2024-01-18,0.1649627685546875,0.707366943359375
2024-01-19,-0.320220947265625,-1.346893310546875
2024-01-22,-0.25229644775390625,-0.649200439453125
2024-01-23,0.271697998046875,2.451507568359375
2024-01-24,-0.9121322631835938,-1.976715087890625
2024-01-25,0.242584228515625,0.930206298828125
2024-01-26,0.20377731323242188,1.259674072265625
2024-01-29,0.3493309020996094,0.281005859375
2024-01-30,0.1649627685546875,1.4243621826171875
2024-01-31,-0.3978424072265625,-1.0561676025390625
2024-02-01,1.4458389282226562,3.0716400146484375
2024-02-02,-0.4269599914550781,-0.7073516845703125
2024-02-05,-0.4851837158203125,-0.0484466552734375
2024-02-06,-0.09703826904296875,0.4844818115234375
2024-02-07,0.048519134521484375,0.0484771728515625
2024-02-08,-0.1552581787109375,2.3061370849609375
2024-02-09,-0.261993408203125,-5.988250732421875
2024-02-12,0.13584518432617188,2.848785400390625
2024-02-13,-0.33962249755859375,-1.6763153076171875
2024-02-14,-0.05821990966796875,-1.31781005859375
2024-02-15,0.1067352294921875,0.3294525146484375
2024-02-16,-0.009700775146484375,-1.492218017578125
2024-02-20,1.2711715698242188,2.2576904296875
2024-02-21,0.5239982604980469,0.1744232177734375
2024-02-22,-0.08733749389648438,-0.56201171875
2024-02-23,0.04852294921875,1.3081207275390625
2024-02-26,-0.4754791259765625,-1.2984161376953125
2024-02-27,-0.3590354919433594,-0.0969085693359375
2024-02-28,0.058223724365234375,-1.094940185546875
2024-02-29,-0.3687400817871094,-0.4149627685546875
2024-03-01,-0.4754791259765625,-0.732269287109375
2024-03-04,0.2717018127441406,0.7615814208984375
2024-03-05,-0.2814064025878906,-3.251312255859375
2024-03-06,0.02911376953125,0.9373321533203125
2024-03-07,-0.10674285888671875,0.107391357421875
2024-03-08,0.07762908935546875,-0.05859375
2024-03-11,0.6986656188964844,1.6403045654296875
2024-03-12,0.2522926330566406,-0.185516357421875
2024-03-13,0.6016273498535156,0.742034912109375
2024-03-14,-0.132049560546875,-0.5077056884765625
2024-03-15,-0.6064338684082031,-0.1171417236328125
2024-03-18,0.24452972412109375,6.4439849853515625
2024-03-19,0.097808837890625,0.527252197265625
2024-03-20,0.5086288452148438,0.0585784912109375
2024-03-21,-0.27387237548828125,0.5760345458984375
2024-03-22,0.019561767578125,-0.4198150634765625
2024-03-25,-0.08803176879882812,0.5662841796875
2024-03-26,0.13694000244140625,0.126922607421875
2024-03-27,0.479278564453125,0.820159912109375
2024-03-28,0.14671707153320312,1.4059600830078125
2024-04-01,-0.4890632629394531,-1.982025146484375
2024-04-02,-0.518402099609375,-1.50360107421875
2024-04-03,-0.3130035400390625,-1.7183990478515625
2024-04-04,-0.5184059143066406,-0.029296875
2024-04-05,0.20540618896484375,-0.4979400634765625
2024-04-08,-0.23475265502929688,0.429595947265625
2024-04-09,0.4401588439941406,1.0056610107421875
2024-04-10,-0.782501220703125,-1.6207733154296875
2024-04-11,0.12715530395507812,-0.5760498046875
2024-04-12,-0.7531547546386719,-0.25384521484375
2024-04-15,-0.13693618774414062,-1.122833251953125
2024-04-16,-0.07825088500976562,0.5370025634765625
2024-04-17,0.4401512145996094,1.933197021484375
2024-04-18,0.39125823974609375,2.7240753173828125
2024-04-19,1.2324295043945312,1.8160400390625
2024-04-22,0.3716926574707031,2.2749176025390625
2024-04-23,0.08803176879882812,-5.11614990234375
2024-04-24,0.8900909423828125,6.043701171875
2024-04-25,0.18584823608398438,-0.7127532958984375
2024-04-26,0.0,-1.074005126953125
2024-04-29,0.29343414306640625,0.546783447265625
2024-04-30,-0.26409149169921875,-0.224578857421875
2024-05-01,0.15649795532226562,-0.742034912109375
2024-05-02,0.05869293212890625,0.2928924560546875
2024-05-03,0.17605972290039062,0.6834564208984375
2024-05-06,0.17605972290039062,-0.322174072265625
2024-05-07,0.26409149169921875,2.1479949951171875
2024-05-08,0.22496795654296875,-0.5955810546875
2024-05-09,0.02935028076171875,0.6346282958984375
2024-05-10,0.3716850280761719,1.689117431640625
2024-05-13,0.3129997253417969,1.083770751953125
2024-05-14,-0.4694976806640625,-1.0056610107421875
2024-05-15,0.0293426513671875,-0.400299072265625
2024-05-16,0.18584442138671875,3.563720703125
2024-05-17,-0.2836570739746094,-0.89825439453125
2024-05-20,-0.4499397277832031,-1.8355712890625
2024-05-21,0.3325614929199219,0.751800537109375
2024-05-22,0.08803176879882812,0.9861297607421875
2024-05-23,-0.8900909423828125,-2.7533416748046875
2024-05-24,-0.08803176879882812,-1.2497406005859375
2024-05-28,-0.17606353759765625,-4.50103759765625
2024-05-29,-0.11737442016601562,-2.1773223876953125
2024-05-30,0.2640953063964844,-0.6541595458984375
2024-05-31,0.9390029907226562,2.3628082275390625
2024-06-03,0.0,-1.630523681640625
2024-06-04,0.9878997802734375,2.59710693359375
2024-06-05,-0.019565582275390625,-0.3905181884765625
2024-06-06,0.2249755859375,-0.2831573486328125
2024-06-07,-0.23474884033203125,-0.79217529296875
2024-06-10,-0.3129997253417969,-5.0580902099609375
2024-06-11,-0.039127349853515625,-0.816741943359375
2024-06-12,-0.6553421020507812,-1.220245361328125
2024-06-13,0.10759353637695312,-0.4920501708984375
2024-06-14,0.044353485107421875,0.4723663330078125
2024-06-17,0.069000244140625,2.2928619384765625
2024-06-18,0.009857177734375,0.3345794677734375
2024-06-20,-0.4435691833496094,0.196807861328125
2024-06-21,0.5815696716308594,0.5904388427734375
2024-06-24,1.182861328125,0.787261962890625
2024-06-25,-0.12814712524414062,-0.7183685302734375
2024-06-26,0.20700454711914062,-0.6002655029296875
2024-06-27,-0.13800430297851562,-0.472381591796875
2024-06-28,-0.2562828063964844,-1.308807373046875
2024-07-01,-0.3647193908691406,-2.007476806640625
2024-07-02,-0.12813949584960938,0.6790008544921875
2024-07-03,0.17742919921875,-0.9643707275390625
2024-07-05,0.42385101318359375,1.761474609375
2024-07-08,-0.7885704040527344,-2.2338409423828125
2024-07-09,-0.266143798828125,-0.21649169921875
2024-07-10,0.13800430297851562,1.6630859375
2024-07-11,0.2661399841308594,0.354248046875
2024-07-12,0.5914306640625,2.3912811279296875
2024-07-15,-0.285858154296875,-2.4798431396484375
2024-07-16,0.8477134704589844,0.885650634765625
2024-07-17,0.9265785217285156,5.0482635498046875
2024-07-18,-0.01972198486328125,0.4723358154296875
2024-07-19,0.09857177734375,-0.993896484375
2024-07-22,-0.5125732421875,-1.6728973388671875
2024-07-23,0.18729400634765625,-1.3580169677734375
2024-07-24,0.8378524780273438,1.85986328125
2024-07-25,0.25628662109375,2.804595947265625
2024-07-26,0.96600341796875,1.702423095703125
2024-07-29,-0.21685791015625,0.4526824951171875
2024-07-30,0.8378524780273438,-0.029541015625
2024-07-31,-0.92657470703125,-0.501861572265625
2024-08-01,1.20257568359375,2.253509521484375
2024-08-02,1.350433349609375,3.0308990478515625
2024-08-05,-1.212432861328125,-3.936248779296875
2024-08-06,-0.04927825927734375,-1.5252838134765625
2024-08-07,0.40413665771484375,-0.6888580322265625
2024-08-08,0.266143798828125,0.570770263671875
2024-08-09,-0.049285888671875,0.0196685791015625
2024-08-12,-0.502716064453125,-0.9545440673828125
2024-08-13,0.285858154296875,0.93487548828125
2024-08-14,0.1182861328125,1.3186492919921875
2024-08-15,0.06900787353515625,-1.1710357666015625
2024-08-16,0.5224227905273438,0.098388671875
2024-08-19,-0.1971435546875,1.1808929443359375
2024-08-20,0.39427947998046875,1.997650146484375
2024-08-21,0.187286376953125,-0.6298065185546875
2024-08-22,-0.23656463623046875,0.5215606689453125
2024-08-23,0.45343017578125,0.1279144287109375
2024-08-26,1.0349960327148438,0.098419189453125
2024-08-27,0.65057373046875,-0.659332275390625
2024-08-28,0.246429443359375,-1.358001708984375
2024-08-29,0.29571533203125,-1.8008575439453125
2024-08-30,0.41399383544921875,0.7774200439453125
2024-09-03,0.53228759765625,4.5857391357421875
2024-09-04,-0.443572998046875,0.9644012451171875
2024-09-05,-1.3701400756835938,0.7675628662109375
2024-09-06,-0.029571533203125,-0.5998992919921875
2024-09-09,0.699859619140625,0.8428192138671875
2024-09-10,-0.29571533203125,-0.3767852783203125
2024-09-11,-0.46327972412109375,-2.0128631591796875
2024-09-12,0.147857666015625,1.45758056640625
2024-09-13,0.6599884033203125,0.10906982421875
2024-09-16,0.6848068237304688,-0.1487274169921875
2024-09-17,-0.29773712158203125,-0.337127685546875
2024-09-18,-0.04962921142578125,-1.6459808349609375
2024-09-19,-1.121490478515625,-0.5453643798828125
2024-09-20,1.0123214721679688,-3.45062255859375
2024-09-23,0.089324951171875,0.922149658203125
2024-09-24,-0.39699554443359375,-2.1715087890625
2024-09-25,0.1190948486328125,-0.5156097412109375
2024-09-26,-0.04962158203125,0.2875518798828125
2024-09-27,0.3870697021484375,0.3073883056640625
2024-09-30,0.06946563720703125,0.0495758056640625
2024-10-01,-0.14887237548828125,1.3187713623046875
2024-10-02,-0.6947250366210938,-1.814544677734375
2024-10-03,-0.4863128662109375,-1.0113983154296875
2024-10-04,-0.3473663330078125,-0.555267333984375
2024-10-07,-1.1512680053710938,-0.753570556640625
2024-10-08,0.16872406005859375,3.1828765869140625
2024-10-09,0.38706207275390625,2.1020965576171875
2024-10-10,-0.31758880615234375,0.4462127685546875
2024-10-11,0.31758880615234375,1.80462646484375
2024-10-14,0.7641983032226562,1.2791290283203125
2024-10-15,0.0,-0.198333740234375
2024-10-16,0.228271484375,-1.4080047607421875
2024-10-17,-0.6649551391601562,0.1884002685546875
2024-10-18,0.5359344482421875,0.3867034912109375
2024-10-21,-0.9825515747070312,-0.0495758056640625
2024-10-22,0.0,-0.6345977783203125
2024-10-23,-1.4291534423828125,-1.4080047607421875
2024-10-24,-0.70465087890625,-0.7833251953125
2024-10-25,-0.3771514892578125,-0.3668975830078125
2024-10-28,-0.24811553955078125,-1.93353271484375
2024-10-29,-1.1016464233398438,-2.3202362060546875
2024-10-30,0.35729217529296875,-1.2790985107421875
2024-10-31,-0.60540771484375,-0.12890625
2024-11-01,-0.29773712158203125,-0.485870361328125
2024-11-04,0.0992431640625,0.7436676025390625
2024-11-05,0.25804901123046875,1.49725341796875
2024-11-06,-1.6574325561523438,-3.1134796142578125
2024-11-07,-0.039699554443359375,-0.704010009765625
2024-11-08,0.2580413818359375,1.1006317138671875
2024-11-11,-0.5557823181152344,-0.84283447265625
2024-11-12,-0.15879440307617188,0.0793304443359375
2024-11-13,-0.19849777221679688,0.3966217041015625
2024-11-14,-0.4466133117675781,0.406524658203125
2024-11-15,-0.8038978576660156,-6.474853515625
2024-11-18,0.1190948486328125,-0.2875518798828125
2024-11-19,0.7245025634765625,-1.596405029296875
2024-11-20,0.3969917297363281,2.0029449462890625
2024-11-21,0.7642021179199219,1.58648681640625
2024-11-22,0.15879440307617188,1.6459808349609375
2024-11-25,0.45653533935546875,1.0411376953125
2024-11-26,0.16872787475585938,-0.882476806640625
2024-11-27,-0.11910247802734375,0.555267333984375
2024-11-29,0.13500213623046875,0.7238311767578125
2024-12-02,-0.43000030517578125,-0.3966217041015625
2024-12-03,-0.13000106811523438,-1.3386077880859375
2024-12-04,-1.3100013732910156,-1.507171630859375
2024-12-05,0.7099990844726562,0.307403564453125
2024-12-06,-0.3899993896484375,-1.3450164794921875
2024-12-09,0.06999969482421875,1.6800079345703125
2024-12-10,0.3100013732910156,0.3699951171875
2024-12-11,-0.2700004577636719,-3.0699920654296875
2024-12-12,1.2000007629394531,2.1299896240234375
2024-12-13,-0.720001220703125,-0.92999267578125
2024-12-16,-0.5699996948242188,-1.9499969482421875
2024-12-17,0.8500022888183594,0.1199951171875
2024-12-18,-0.5500030517578125,-1.7100067138671875
2024-12-19,-0.3999977111816406,-2.959991455078125
2024-12-20,0.09999847412109375,1.3199920654296875
2024-12-23,-0.1699981689453125,-1.5
